Asset,Items
PSupply,NoiseVibration
PSupply,Incoming Voltage
PrimaryTransformer,Capacitor
PrimaryTransformer,TapChanger
PrimaryTransformer,Bushings
PrimaryTransformer,Stress
PrimaryTransformer,LoadUnbalance
PrimaryTransformer,CableConnection
PrimaryTransformer,Winding
PrimaryTransformer,Heat
PrimaryTransformer,NoiseVibration
PrimaryTransformer,Incoming Voltage
Transformer,Core
Transformer,Load
Transformer,NeutralLoading
Transformer,Capacitor
Transformer,TapChanger
Transformer,Bushings
Transformer,Stress
Transformer,LoadUnbalance
Transformer,CableConnection
Transformer,Winding
Transformer,Heat
Transformer,NoiseVibration
Transformer,Incoming Voltage
Transformer,Switching
Transformer,Rectifier
MotorFeed,Load
MotorFeed,Heat
MotorFeed,CableConnection
MotorFeed,NoiseVibration
MotorFeed,Incoming Voltage
MotorFeed,DCLink
MotorFeed,Switching
MotorFeed,Rectifier
Motor,TorqueRipple
Motor,MechanicalUnbalance
Motor,SoftFoot
Motor,Load
Motor,Heat
Motor,CableConnection
Motor,NoiseVibration
Motor,Incoming Voltage
Motor,Rotor
Motor,Stator
Motor,DCLink
Motor,Switching
Motor,Bearing
Motor,Rectifier
Pump,Cavitation
Pump,MechanicalUnbalance
Pump,SoftFoot
Pump,TorqueRipple
Pump,Load
Pump,Heat
Pump,CableConnection
Pump,NoiseVibration
Pump,Incoming Voltage
Pump,Rotor
Pump,Stator
Pump,Vane
Pump,DCLink
Pump,Rectifier
Pump,Switching
Pump,Bearing
Fan,Turbulence
Fan,MechanicalUnbalance
Fan,SoftFoot
Fan,TorqueRipple
Fan,Load
Fan,Heat
Fan,CableConnection
Fan,NoiseVibration
Fan,Incoming Voltage
Fan,Rotor
Fan,Stator
Fan,Blade
Fan,DCLink
Fan,Rectifier
Fan,Switching
Fan,Bearing
Compressor,Turbulence
Compressor,MechanicalUnbalance
Compressor,SoftFoot
Compressor,TorqueRipple
Compressor,Load
Compressor,Heat
Compressor,CableConnection
Compressor,NoiseVibration
Compressor,Incoming Voltage
Compressor,Rotor
Compressor,Stator
Compressor,DCLink
Compressor,Switching
Compressor,Bearing
Compressor,Blade
Compressor,Rectifier
